City_ID,City,Lat,Lng,Max Temp,Humidity,Cloudiness,Wind Speed,Current Description
0,Jamestown,42.097,-79.2353,49.17,71,40,6.91,scattered clouds
1,Ugoofaaru,5.6667,73.0,81.59,77,100,16.49,overcast clouds
2,Kodiak,57.79,-152.4072,53.11,82,100,25.32,moderate rain
3,New Norfolk,-42.7826,147.0587,54.91,45,98,9.01,overcast clouds
4,Kruisfontein,-34.0033,24.7314,52.88,89,5,5.84,clear sky
5,Shar,49.5886,81.0453,42.67,38,4,8.52,clear sky
6,Narsaq,60.9167,-46.05,39.42,100,100,6.04,light rain
7,Ushuaia,-54.8,-68.3,44.26,76,20,10.36,few clouds
8,Souillac,-20.5167,57.5167,71.98,73,40,6.91,scattered clouds
9,Airai,-8.9266,125.4092,73.02,68,87,2.28,overcast clouds
10,Salalah,17.0151,54.0924,77.09,83,75,2.3,broken clouds
11,Nuuk,64.1835,-51.7216,36.21,80,100,12.66,overcast clouds
12,Chiredzi,-21.05,31.6667,68.07,80,3,7.7,clear sky
13,El Tocuyo,9.7873,-69.7937,70.9,92,81,4.34,broken clouds
14,Salinas,36.6777,-121.6555,68.0,84,100,6.91,mist
15,Hamilton,39.1834,-84.5333,55.99,73,0,0.0,clear sky
16,Hermanus,-34.4187,19.2345,46.8,78,52,5.28,broken clouds
17,Ha Tinh,18.3333,105.9,84.15,74,85,7.23,overcast clouds
18,Sola,-13.8833,167.55,81.18,76,23,17.22,few clouds
19,Mogadishu,2.0371,45.3438,78.67,73,40,11.5,scattered clouds
20,Shache,38.4167,77.2406,61.65,20,75,2.44,broken clouds
21,Arys,42.4252,68.795,59.85,25,0,12.1,clear sky
22,Kyenjojo,0.6328,30.6214,59.79,98,97,1.05,overcast clouds
23,Rikitea,-23.1203,-134.9692,70.29,62,89,23.69,overcast clouds
24,Nikolskoye,59.7035,30.7861,45.81,96,82,3.67,light rain
25,Kerema,-7.9631,145.7785,86.04,73,85,10.85,overcast clouds
26,Esperance,-33.8667,121.9,64.51,67,68,17.63,broken clouds
27,Neuquen,-38.9516,-68.0591,57.09,47,0,5.75,clear sky
28,Ouango,4.3133,22.5552,68.72,99,100,2.59,overcast clouds
29,Hobart,-42.8794,147.3294,55.26,64,75,11.5,broken clouds
30,Guarapari,-20.6667,-40.4975,67.89,97,100,1.16,overcast clouds
31,Carnarvon,-24.8667,113.6333,71.8,59,24,13.76,few clouds
32,Kapaa,22.0752,-159.319,84.18,71,75,13.8,broken clouds
33,Egvekinot,66.3167,-179.1667,25.43,81,94,5.23,overcast clouds
34,Tuatapere,-46.1333,167.6833,36.12,75,100,20.09,overcast clouds
35,Huangyan,28.6478,121.2594,75.97,65,100,8.1,overcast clouds
36,Torbay,47.6666,-52.7314,50.27,89,20,16.11,few clouds
37,Butaritari,3.0707,172.7902,82.2,73,57,17.2,broken clouds
38,Mhlambanyatsi,-26.45,31.0167,56.19,93,95,2.26,overcast clouds
39,Marawi,7.9986,124.2928,80.74,69,63,5.32,broken clouds
40,Busselton,-33.65,115.3333,57.49,61,75,18.81,broken clouds
41,Arraial Do Cabo,-22.9661,-42.0278,68.16,87,100,5.26,overcast clouds
42,Tuy Hoa,13.0833,109.3,81.64,84,99,6.62,overcast clouds
43,Vaini,-21.2,-175.2,75.36,94,75,6.91,thunderstorm
44,Wabag,-5.4781,143.7021,71.46,49,100,6.44,overcast clouds
45,Vao,-22.6667,167.4833,69.13,60,4,9.55,clear sky
46,Adrar,20.5022,-10.0711,88.05,18,31,12.71,scattered clouds
47,Upernavik,72.7868,-56.1549,19.83,77,92,5.06,overcast clouds
48,Barrow,71.2906,-156.7887,32.02,93,100,10.36,overcast clouds
49,Palana,59.1167,159.9667,37.54,84,100,24.09,light rain
50,Vangaindrano,-23.35,47.6,69.26,85,13,7.9,few clouds
51,Victoria,22.2855,114.1577,91.45,76,50,8.99,scattered clouds
52,Sorland,67.667,12.6934,49.86,80,100,20.02,overcast clouds
53,Pochutla,15.7432,-96.4661,76.82,90,12,3.96,few clouds
54,Reutte,47.4833,10.7167,51.15,49,75,6.62,broken clouds
55,Constantine,36.365,6.6147,60.21,94,20,2.3,few clouds
56,Nizhnyaya Tavda,57.6731,66.1725,49.78,58,77,6.91,broken clouds
57,Sitka,57.0531,-135.33,62.49,48,75,16.11,broken clouds
58,Port Alfred,-33.5906,26.891,60.53,85,0,8.7,clear sky
59,Fortuna,40.5982,-124.1573,58.93,82,66,1.99,broken clouds
60,Saskylakh,71.9167,114.0833,26.31,96,100,8.41,light snow
61,Lagoa,39.05,-27.9833,67.01,83,100,20.67,light rain
62,Ketchikan,55.3422,-131.6461,55.87,82,75,3.44,broken clouds
63,Cape Town,-33.9258,18.4232,58.37,76,0,1.14,clear sky
64,Albany,42.6001,-73.9662,52.45,75,100,4.34,overcast clouds
65,Chunhuhub,19.55,-88.6833,70.95,93,74,2.55,broken clouds
66,Dunedin,-45.8742,170.5036,36.36,82,89,26.11,overcast clouds
67,Criciova,45.6333,22.0667,43.9,90,4,3.02,light rain
68,Hay River,60.8156,-115.7999,40.98,75,75,9.22,broken clouds
69,Itabera,-23.8619,-49.1372,59.68,87,61,10.76,broken clouds
70,Punta Arenas,-53.15,-70.9167,42.91,81,75,13.8,broken clouds
71,Chuy,-33.6971,-53.4616,52.56,92,0,4.38,clear sky
72,Solano,38.2333,-121.9511,72.18,65,0,14.97,clear sky
73,Kenai,60.5544,-151.2583,48.15,90,100,12.66,light rain
74,Caconda,-13.7333,15.0667,59.0,79,4,3.56,clear sky
75,Moose Factory,51.2585,-80.6094,46.4,93,100,2.3,overcast clouds
76,Naliya,23.2667,68.8333,83.53,62,5,8.03,clear sky
77,Karaman,37.0833,33.25,55.87,65,85,6.73,overcast clouds
78,Alofi,-19.0595,-169.9187,82.29,69,75,11.5,broken clouds
79,West Fargo,46.875,-96.9004,62.6,75,75,5.75,broken clouds
80,Sioux Lookout,50.1001,-91.917,53.67,100,75,2.3,broken clouds
81,Atuona,-9.8,-139.0333,76.8,69,23,21.92,few clouds
82,Contamana,-7.3333,-75.0167,78.4,61,57,1.23,broken clouds
83,Saint-Philippe,-21.3585,55.7679,71.19,72,40,11.32,scattered clouds
84,Jilin,43.0,126.0,46.22,32,0,10.38,clear sky
85,Dubti,11.7361,41.0853,84.87,48,58,8.01,broken clouds
86,Deputatskiy,69.3,139.9,11.75,93,66,1.97,broken clouds
87,Dikson,73.5069,80.5464,32.04,76,100,17.45,overcast clouds
88,Touros,-5.1989,-35.4608,74.46,82,71,11.56,broken clouds
89,Toora-Khem,52.4675,96.11,37.02,43,8,1.34,clear sky
90,Vardo,70.3705,31.1107,42.78,87,100,9.22,overcast clouds
91,Katsuura,35.1333,140.3,70.12,86,100,21.94,light rain
92,Tarauaca,-8.1614,-70.7656,75.31,73,11,2.42,few clouds
93,Naze,28.3667,129.4833,83.32,73,14,6.02,few clouds
94,Castro,-24.7911,-50.0119,57.56,92,47,7.49,scattered clouds
95,Klaksvik,62.2266,-6.589,49.12,84,14,34.69,light rain
96,Wharton,29.3116,-96.1027,70.09,88,0,3.44,clear sky
97,Wageningen,51.9667,5.6667,58.86,84,100,9.22,overcast clouds
98,Mar Del Plata,-38.0023,-57.5575,55.94,84,0,3.0,clear sky
99,Pemba,-12.974,40.5178,72.3,94,20,3.44,few clouds
100,San Vicente,-26.6167,-54.1333,54.12,90,0,2.8,clear sky
101,Bengkulu,-3.8004,102.2655,82.29,68,100,7.09,overcast clouds
102,Severobaykalsk,55.65,109.3167,31.42,49,21,1.92,few clouds
103,Mataura,-46.1927,168.8643,38.48,95,99,12.12,light rain
104,Bluff,-46.6,168.3333,38.8,63,96,29.84,overcast clouds
105,Hilo,19.7297,-155.09,81.28,79,40,8.05,scattered clouds
106,Wangaratta,-36.3667,146.3333,58.46,81,100,13.82,light rain
107,Menongue,-14.6585,17.691,60.75,28,0,4.92,clear sky
108,Kayes,14.0,-11.0,78.57,78,35,3.85,scattered clouds
109,Okhotsk,59.3833,143.3,34.93,52,100,17.49,overcast clouds
110,Rio Gallegos,-51.6226,-69.2181,42.85,81,0,5.75,clear sky
111,Imbituba,-28.24,-48.6703,56.14,85,33,3.65,scattered clouds
112,Kanniyakumari,8.0833,77.5667,82.33,73,97,18.7,overcast clouds
113,Hithadhoo,-0.6,73.0833,82.53,71,97,17.78,overcast clouds
114,Georgetown,5.4112,100.3354,82.89,83,40,13.8,scattered clouds
115,Cap Malheureux,-19.9842,57.6142,72.46,68,86,10.0,overcast clouds
116,Juegang,32.3174,121.1855,68.92,61,100,14.29,overcast clouds
117,Tanout,14.9709,8.8879,86.61,20,84,8.55,broken clouds
118,Vestmannaeyjar,63.4427,-20.2734,41.52,75,97,40.11,overcast clouds
119,Stornoway,58.2093,-6.3865,49.96,90,75,14.97,broken clouds
120,Yellowknife,62.456,-114.3525,34.32,64,75,10.36,broken clouds
121,Vostok,46.4856,135.8833,35.92,43,64,11.92,broken clouds
122,Hofn,64.2539,-15.2082,44.83,69,62,9.44,broken clouds
123,Mount Gambier,-37.8333,140.7667,53.58,97,100,12.35,light rain
124,Collie,-33.3667,116.15,58.96,59,52,11.41,broken clouds
125,Porbandar,21.6422,69.6093,80.58,89,21,9.22,few clouds
126,Pangnirtung,66.1451,-65.7125,32.99,69,99,4.72,overcast clouds
127,Pacific Grove,36.6177,-121.9166,64.42,91,100,7.0,mist
128,Ulan-Ude,51.8261,107.6098,35.49,47,20,2.24,few clouds
129,Clyde River,70.4692,-68.5914,25.03,86,100,18.41,light snow
130,Fort Nelson,58.8053,-122.7002,42.39,75,75,8.05,broken clouds
131,East London,-33.0153,27.9116,62.74,82,44,10.8,scattered clouds
132,Bandarbeyla,9.4942,50.8122,78.76,74,100,19.86,overcast clouds
133,Nizhniy Kuranakh,58.8353,125.4869,29.64,78,100,12.44,light snow
134,Thompson,55.7435,-97.8558,39.36,87,75,0.0,broken clouds
135,Banes,20.9625,-75.7186,76.23,92,87,2.91,overcast clouds
136,Hambantota,6.1241,81.1185,86.34,70,40,10.36,scattered clouds
137,Pevek,69.7008,170.3133,27.88,70,76,4.83,broken clouds
138,Itarare,-24.1125,-49.3317,58.51,92,42,5.97,scattered clouds
139,Marfino,55.7028,37.3822,45.09,88,100,6.71,light rain
140,Shancheng,34.7953,116.0817,55.56,52,100,4.56,overcast clouds
141,San Patricio,28.017,-97.5169,75.85,61,8,6.58,clear sky
142,Provideniya,64.3833,-173.3,37.51,93,75,11.18,broken clouds
143,Jiuquan,39.7432,98.5174,57.97,24,50,8.99,scattered clouds
144,Eureka,40.8021,-124.1637,59.2,82,68,3.0,broken clouds
145,Wiang Sa,8.6359,99.3666,92.07,66,86,2.08,overcast clouds
146,Darhan,49.4867,105.9228,41.45,31,0,7.74,clear sky
147,Sorong,-0.8833,131.25,82.63,74,74,3.4,broken clouds
148,Tuktoyaktuk,69.4541,-133.0374,32.0,93,0,12.66,clear sky
149,Broome,42.2506,-75.833,50.41,90,100,4.61,overcast clouds
150,Alushta,44.6667,34.4167,56.79,57,3,6.35,clear sky
151,Kaitangata,-46.2817,169.8464,35.53,87,95,19.77,overcast clouds
152,Cidreira,-30.1811,-50.2056,58.96,87,2,5.26,clear sky
153,Chokurdakh,70.6333,147.9167,25.32,79,98,6.62,overcast clouds
154,Ribeira Grande,38.5167,-28.7,68.4,77,75,23.02,light rain
155,Igrim,63.1906,64.4162,42.1,96,100,5.55,overcast clouds
156,Kailua,21.4022,-157.7394,82.38,87,100,13.29,moderate rain
157,Zhuhai,22.2769,113.5678,93.85,79,40,6.91,scattered clouds
158,Constitucion,-35.3333,-72.4167,48.45,91,21,7.23,few clouds
159,Sungurlu,40.1675,34.3739,56.14,81,85,4.68,overcast clouds
160,Bambous Virieux,-20.3428,57.7575,74.21,73,40,6.91,scattered clouds
161,Santa Lucia,27.9117,-15.5407,68.76,53,100,13.8,overcast clouds
162,Olafsvik,64.8945,-23.7142,41.85,85,100,30.8,overcast clouds
163,Catalina,32.5056,-110.9211,70.86,60,38,6.11,scattered clouds
164,Yibin,28.7667,104.6238,66.13,83,100,1.5,overcast clouds
165,Bassano,50.7834,-112.4685,60.64,51,56,7.81,broken clouds
166,Bathsheba,13.2167,-59.5167,79.41,94,75,31.07,broken clouds
167,Puerto Ayora,-0.7393,-90.3518,66.54,94,31,5.01,scattered clouds
168,Kaseda,31.4167,130.3167,78.49,72,38,13.04,scattered clouds
169,Tiksi,71.6872,128.8694,22.68,83,100,16.75,overcast clouds
170,Spas-Klepiki,55.1347,40.1767,46.29,87,100,6.69,overcast clouds
171,Sur,22.5667,59.5289,83.89,51,37,5.88,scattered clouds
172,Chifeng,42.2683,118.9636,50.67,14,0,10.47,clear sky
173,Coahuayana,18.7333,-103.6833,76.3,90,49,2.06,scattered clouds
174,Port Charlotte,26.9762,-82.0906,71.01,79,13,17.0,few clouds
175,Bahia Blanca,-38.7196,-62.2724,54.88,91,100,6.17,overcast clouds
176,Vallenar,-28.5708,-70.7581,52.45,76,1,3.11,clear sky
177,Skegness,53.1436,0.3363,61.34,83,100,26.08,overcast clouds
178,Juneau,58.3019,-134.4197,56.1,94,100,3.44,overcast clouds
179,Bichena,10.45,38.2,53.1,85,96,1.5,overcast clouds
180,Vila Velha,-20.3297,-40.2925,69.75,96,100,5.75,overcast clouds
181,Vondrozo,-22.8167,47.2833,64.74,82,79,2.68,broken clouds
182,Vadlapudi,14.3167,79.8,85.39,64,100,5.23,light rain
183,Williamsburg,37.2707,-76.7075,52.92,95,100,4.0,overcast clouds
184,Bredasdorp,-34.5322,20.0403,46.8,86,64,5.14,broken clouds
185,Port-Gentil,-0.7193,8.7815,76.91,82,84,8.3,broken clouds
186,Omis,43.4447,16.6886,58.93,68,2,6.55,clear sky
187,Leshukonskoye,64.8989,45.7622,41.58,98,100,4.94,overcast clouds
188,Dubbo,-32.25,148.6167,55.53,94,100,16.11,moderate rain
189,Yokadouma,3.5167,15.05,68.63,99,100,1.57,overcast clouds
190,Kavieng,-2.5744,150.7967,84.87,64,62,15.95,broken clouds
191,The Valley,18.217,-63.0578,82.26,77,28,20.29,scattered clouds
192,Amherst,41.3978,-82.2224,52.52,81,0,0.0,clear sky
193,Batouri,4.4333,14.3667,67.44,98,100,1.12,overcast clouds
194,Vila Franca Do Campo,37.7167,-25.4333,70.2,90,70,4.97,broken clouds
195,Avarua,-21.2078,-159.775,77.05,69,40,20.71,scattered clouds
196,Kalanchak,46.2562,33.2907,48.79,75,42,6.85,scattered clouds
197,Aksarka,66.5606,67.7975,36.52,78,4,4.0,clear sky
198,Baherden,38.4362,57.4316,69.24,22,0,9.91,clear sky
199,Strelka,58.0728,93.0344,39.45,61,98,7.67,overcast clouds
200,Bemidji,47.4736,-94.8803,61.05,84,100,0.0,overcast clouds
201,Beni Suef,29.0731,31.0979,70.16,72,0,8.23,clear sky
202,Forecariah,9.4306,-13.0881,74.41,96,100,1.39,overcast clouds
203,Omboue,-1.5746,9.2618,74.89,86,84,5.59,broken clouds
204,Gurupa,-1.405,-51.64,74.32,86,13,4.34,few clouds
205,Port Hardy,50.6996,-127.4199,59.18,88,75,4.61,broken clouds
206,Raudeberg,61.9875,5.1352,48.87,35,74,15.64,broken clouds
207,Aranos,-24.1333,19.1167,63.34,20,0,5.01,clear sky
208,Jining,35.405,116.5814,59.74,42,100,6.98,overcast clouds
209,Comarapa,-17.9,-64.4833,58.19,91,82,3.04,broken clouds
210,Beloha,-25.1667,45.05,70.3,81,7,2.86,clear sky
211,Takoradi,4.8845,-1.7554,74.46,94,73,5.46,broken clouds
212,Olinda,-8.0089,-34.8553,78.53,69,40,8.05,scattered clouds
213,Goksun,38.021,36.4973,56.8,61,78,1.41,broken clouds
214,Qaanaaq,77.484,-69.3632,16.5,81,100,5.44,overcast clouds
215,Srebrenik,44.7078,18.4881,39.85,83,10,4.05,clear sky
216,Tecoanapa,16.5167,-98.75,78.01,83,8,3.98,clear sky
217,Reconquista,-29.15,-59.65,58.35,61,0,10.11,clear sky
218,Florianopolis,-27.6146,-48.5012,60.03,81,75,3.44,broken clouds
219,Samarai,-10.6167,150.6667,79.45,85,100,11.18,overcast clouds
220,Shimoda,34.6667,138.95,73.76,81,93,12.21,overcast clouds
221,Paslek,54.0616,19.6593,49.55,89,100,10.29,overcast clouds
222,Caucaia,-3.7361,-38.6531,79.03,75,40,10.36,scattered clouds
223,Bonavista,48.6499,-53.1147,49.51,77,1,18.1,clear sky
224,Yumen,40.2833,97.2,56.53,23,63,9.01,broken clouds
225,Sinnamary,5.3833,-52.95,77.58,88,8,7.9,clear sky
226,Cabo San Lucas,22.8909,-109.9124,80.62,77,2,5.44,clear sky
227,Saint George,37.1041,-113.5841,79.39,27,0,10.36,clear sky
228,Khatanga,71.9667,102.5,29.23,97,99,5.86,light snow
229,Sohbatpur,28.5202,68.5434,87.78,35,0,4.18,clear sky
230,Lisakovsk,52.5369,62.4936,43.97,31,67,6.6,broken clouds
231,Mizan Teferi,6.9833,35.5833,61.11,95,100,2.86,light rain
232,Bethel,41.3712,-73.414,55.76,88,100,8.99,overcast clouds
233,Polloc,7.3553,124.2208,89.87,56,31,1.39,scattered clouds
234,Norman Wells,65.282,-126.8329,37.44,87,75,11.5,broken clouds
235,Iquique,-20.2208,-70.1431,59.04,74,13,1.59,few clouds
236,Mizdah,31.4451,12.9801,61.92,88,0,6.04,clear sky
237,Kloulklubed,7.0419,134.2556,82.9,89,100,13.24,overcast clouds
238,Nong Bua,15.8646,100.5858,78.64,88,100,4.32,overcast clouds
239,Dingle,10.9995,122.6711,87.78,67,95,10.07,overcast clouds
240,Port Lincoln,-34.7333,135.8667,64.78,67,78,12.68,broken clouds
241,Los Llanos De Aridane,28.6585,-17.9182,73.15,41,0,6.91,clear sky
242,Ostrovnoy,68.0531,39.5131,46.26,92,100,13.15,overcast clouds
243,Marsh Harbour,26.5412,-77.0636,79.2,73,19,11.88,few clouds
244,Acireale,37.6125,15.1663,64.8,76,0,3.44,clear sky
245,Berlevag,70.8578,29.0864,42.8,87,40,3.44,scattered clouds
246,Norden,53.6,7.2,59.0,85,100,20.6,overcast clouds
247,Port Elizabeth,-33.918,25.5701,58.32,92,75,9.22,broken clouds
248,Ulverstone,-41.15,146.1667,55.18,49,100,11.99,overcast clouds
249,Dromolaxia,34.8761,33.586,73.72,82,20,3.44,few clouds
250,Lithgow,-33.4833,150.15,48.56,98,100,8.86,moderate rain
251,Visnes,59.3556,5.2242,53.22,93,100,6.91,light rain
252,Masvingo,-20.0637,30.8277,62.19,71,0,4.9,clear sky
253,Dongsheng,39.8161,109.9776,43.3,28,100,8.55,overcast clouds
254,Yate,51.5407,-2.4184,62.76,89,100,5.01,overcast clouds
255,Marau,-28.4492,-52.2,47.3,92,0,5.14,clear sky
256,Kalianget,-7.05,113.9333,82.53,70,100,1.72,overcast clouds
257,Valparaiso,-33.0393,-71.6273,56.48,100,75,3.44,broken clouds
258,Iqaluit,63.7506,-68.5145,33.53,93,100,4.61,light rain
259,Isangel,-19.55,169.2667,76.51,62,26,12.57,scattered clouds
260,Kavaratti,10.5669,72.642,81.48,76,83,14.54,broken clouds
261,Khon Buri,14.5254,102.2459,83.01,82,100,4.88,overcast clouds
262,Luwingu,-10.2621,29.9271,59.79,40,96,4.83,overcast clouds
263,Erdenet,49.0333,104.0833,36.28,27,1,5.14,clear sky
264,Aklavik,68.2191,-135.0107,26.46,94,6,6.98,clear sky
265,Tautira,-17.7333,-149.15,76.23,75,55,23.69,broken clouds
266,Nador,35.174,-2.9287,68.25,88,20,2.3,few clouds
267,Athabasca,54.7169,-113.2854,54.01,45,81,7.16,broken clouds
268,Ancud,-41.8697,-73.8203,46.4,92,16,5.28,few clouds
269,Kaeo,-35.1,173.7833,64.33,71,100,13.02,moderate rain
270,Porto Novo,6.4965,2.6036,75.04,94,46,3.49,scattered clouds
271,Lahij,13.1667,44.5833,80.4,67,88,2.84,overcast clouds
272,Burnie,-41.0667,145.9167,54.91,53,100,20.69,overcast clouds
273,Amarante Do Maranhao,-5.5667,-46.7422,73.83,58,1,2.17,clear sky
274,Champerico,14.3,-91.9167,80.76,76,100,3.15,overcast clouds
275,Mnogovershinnyy,53.9353,139.9242,30.72,64,78,19.84,broken clouds
276,Luderitz,-26.6481,15.1594,53.19,80,21,14.97,few clouds
277,Asyut,27.181,31.1837,69.98,54,0,7.49,clear sky
278,Port Hedland,-20.3167,118.5667,86.05,45,0,13.8,clear sky
279,Turukhansk,65.8167,87.9833,32.5,100,100,6.4,overcast clouds
280,Merauke,-8.4667,140.3333,83.17,78,100,12.48,overcast clouds
281,Prachuap Khiri Khan,12.2167,99.75,76.55,85,100,3.31,overcast clouds
282,Beringovskiy,63.05,179.3167,40.62,89,98,17.09,light rain
283,Phillipsburg,40.6937,-75.1902,53.11,94,100,13.29,overcast clouds
284,Warrington,53.3925,-2.5802,62.87,95,100,10.36,overcast clouds
285,Ivanteyevka,55.9711,37.9208,45.34,87,100,5.7,light rain
286,Uribia,11.7139,-72.266,83.01,74,86,11.25,overcast clouds
287,Manyana,-23.4,21.7167,68.83,17,0,4.56,clear sky
288,Cherskiy,68.75,161.3,29.3,56,11,11.12,few clouds
289,Singarayakonda,15.25,80.0333,82.58,74,100,3.18,overcast clouds
290,Pauini,-7.7136,-66.9764,75.94,79,95,1.81,overcast clouds
291,Moa,20.6569,-74.9403,79.3,85,74,3.89,broken clouds
292,Haines Junction,60.7522,-137.5108,42.75,75,100,0.0,overcast clouds
293,Terrace,54.5163,-128.6035,53.51,82,100,6.91,light rain
294,Half Moon Bay,37.4636,-122.4286,64.9,86,100,14.97,overcast clouds
295,Tasiilaq,65.6145,-37.6368,35.76,63,2,7.05,clear sky
296,Mahebourg,-20.4081,57.7,74.25,73,40,6.91,scattered clouds
297,Huarmey,-10.0681,-78.1522,60.6,85,36,9.37,scattered clouds
298,Nome,64.5011,-165.4064,42.87,81,0,17.27,clear sky
299,Kurilsk,45.2333,147.8833,52.36,58,77,17.45,broken clouds
300,Talmenka,53.8183,83.5677,41.38,77,100,7.94,light rain
301,Nishihara,26.1842,127.7558,87.46,72,40,16.11,scattered clouds
302,Hovd,48.0056,91.6419,40.48,23,0,2.86,clear sky
303,Muli,2.9167,73.5667,81.72,80,100,19.15,overcast clouds
304,Itacare,-14.2775,-38.9967,71.47,86,41,6.93,scattered clouds
305,Roxas,11.5853,122.7511,84.15,68,100,7.49,overcast clouds
306,Severo-Kurilsk,50.6789,156.125,45.32,74,98,22.3,overcast clouds
307,Nisia Floresta,-6.0911,-35.2086,79.18,90,49,6.26,scattered clouds
308,Avera,33.194,-82.5271,56.71,71,0,5.95,clear sky
309,Taksimo,56.3444,114.8794,31.96,45,26,3.69,scattered clouds
310,Sistranda,63.7256,8.834,46.36,78,13,11.18,light rain
311,Seinajoki,62.7945,22.8282,40.23,97,100,11.5,light rain
312,Xaxim,-26.9617,-52.5347,61.18,90,0,2.8,clear sky
313,Lardos,36.0942,28.0157,71.42,62,0,8.25,clear sky
314,Codrington,-38.2667,141.9667,53.37,96,100,16.15,overcast clouds
315,Kimbe,-5.5502,150.1429,84.04,80,85,3.65,moderate rain
316,Bilibino,68.0546,166.4372,25.16,68,74,5.28,broken clouds
317,Lakes Entrance,-37.8811,147.981,60.17,61,100,20.33,light rain
318,Muyezerskiy,63.9333,31.65,40.39,97,55,4.45,broken clouds
319,Sirmaur,24.85,81.3833,77.63,86,98,5.7,overcast clouds
320,Radhanpur,23.8333,71.6,87.15,50,94,10.74,overcast clouds
321,Turkistan,43.0,68.0,62.6,20,0,21.14,clear sky
322,Carhuaz,-9.2819,-77.6447,57.79,77,100,1.16,light rain
323,Saint-Pierre,-21.3393,55.4781,71.28,60,75,5.75,broken clouds
324,Japura,-0.3167,102.35,74.39,98,100,2.73,light rain
325,Paldiski,59.3567,24.0531,47.91,93,100,4.61,overcast clouds
326,Tigil,57.8,158.6667,40.19,82,100,10.36,light rain
327,Cootamundra,-34.65,148.0333,52.95,95,100,20.33,light rain
328,Ilulissat,69.2167,-51.1,30.22,51,18,2.3,few clouds
329,Proletariy,58.4342,31.7046,43.05,93,100,0.25,overcast clouds
330,Sinop,41.7711,34.8709,51.04,91,65,2.13,broken clouds
331,Monterey,36.2505,-121.2516,65.17,50,7,6.76,clear sky
332,Quatre Cocos,-20.2078,57.7625,74.08,72,87,11.48,overcast clouds
333,Nemuro,43.3236,145.575,54.28,58,98,19.98,overcast clouds
334,Poum,-20.2333,164.0167,74.62,59,34,7.52,scattered clouds
335,Udachnyy,66.4167,112.4,28.45,92,99,15.59,overcast clouds
336,Paamiut,61.994,-49.6678,38.77,95,100,20.62,light rain
337,Faanui,-16.4833,-151.75,78.35,71,14,25.21,few clouds
338,Borogontsy,62.6683,131.1683,31.64,49,13,10.0,few clouds
339,Verrettes,19.05,-72.4667,77.02,89,86,3.38,overcast clouds
340,Seka,17.9285,103.9552,85.68,64,19,1.9,few clouds
341,Talaya,61.3833,152.75,18.82,94,100,8.72,snow
342,Acapulco,16.8634,-99.8901,78.93,85,22,3.31,few clouds
343,Lebu,-37.6167,-73.65,48.24,93,14,3.13,few clouds
344,Humberto De Campos,-2.5983,-43.4611,74.59,89,5,4.79,clear sky
345,Kiama,-34.6833,150.8667,61.38,84,100,10.0,light rain
346,Lepaterique,14.0667,-87.4667,65.8,95,100,5.75,overcast clouds
347,Panaba,21.2833,-88.2667,69.69,75,31,4.99,scattered clouds
348,San Jose,37.3394,-121.895,66.9,80,0,8.05,clear sky
349,Congonhas,-20.4997,-43.8578,61.5,93,89,2.93,overcast clouds
350,Harper,4.375,-7.7169,76.42,90,100,5.53,light rain
351,Skjervoy,70.0311,20.9714,48.2,76,100,17.11,overcast clouds
352,Sabha,27.0377,14.4283,68.58,54,0,12.41,clear sky
353,Oarai,36.3167,140.6,68.34,89,100,18.7,overcast clouds
354,Trinidad,-14.8333,-64.9,78.49,63,19,3.56,few clouds
355,Pesochnoye,58.006,39.1772,46.2,90,100,4.12,overcast clouds
356,Palmer,42.1584,-72.3287,54.34,85,100,12.66,overcast clouds
357,Nizwa,22.9333,57.5333,84.36,30,22,1.97,few clouds
358,Hirara,24.8,125.2833,87.66,74,20,12.66,few clouds
359,Mbeya,-8.9,33.45,54.54,63,98,5.64,overcast clouds
360,Byron Bay,-28.65,153.6167,69.94,54,100,7.49,overcast clouds
361,El Pueblito,20.5333,-100.45,61.84,87,99,2.82,overcast clouds
362,Yaan,7.3833,8.5667,71.89,97,96,4.63,overcast clouds
363,Kattivakkam,13.2167,80.3167,84.29,68,100,2.42,heavy intensity rain
364,Viedma,-40.8135,-62.9967,50.31,89,37,10.63,scattered clouds
365,Voh,-20.9667,164.7,77.02,52,4,11.59,clear sky
366,Saint-Paul,-21.0096,55.2707,71.71,70,0,0.36,clear sky
367,Riyadh,24.6877,46.7219,71.74,33,0,3.56,clear sky
368,Ninghai,29.2892,121.4247,68.47,77,97,8.68,overcast clouds
369,Kijang,35.2442,129.2139,69.53,77,100,12.37,overcast clouds
370,Plymouth,41.8334,-70.8328,59.67,90,100,12.66,mist
371,Cabedelo,-6.9811,-34.8339,75.87,79,65,9.17,broken clouds
372,Mana,5.6592,-53.7767,77.74,85,29,7.78,scattered clouds
373,Kondinskoye,59.6481,67.41,47.71,84,66,4.03,broken clouds
374,Richmond,37.5538,-77.4603,54.32,82,100,12.66,overcast clouds
375,Xinyu,27.8043,114.9334,66.54,69,100,6.53,overcast clouds
376,Lavrentiya,65.5833,-171.0,35.64,76,8,7.52,clear sky
377,Naryan-Mar,67.6713,53.087,40.17,85,100,10.71,overcast clouds
378,Rosarito,32.3333,-117.0333,68.67,82,13,2.93,few clouds
379,Sangar,63.9242,127.4739,30.36,58,42,12.86,scattered clouds
380,Denpasar,-8.65,115.2167,80.26,88,75,6.91,broken clouds
381,Yerbogachen,61.2767,108.0108,33.03,57,100,11.7,overcast clouds
382,Toba,34.4833,136.85,73.4,71,62,20.02,broken clouds
383,Nicoya,10.1483,-85.452,75.22,92,100,1.12,overcast clouds
384,Chulman,56.8479,124.9104,26.02,80,100,14.85,light snow
385,Inhambane,-23.865,35.3833,68.0,100,20,0.0,mist
386,Rudbar,30.15,62.6,76.55,17,0,11.18,clear sky
387,Taoudenni,22.6783,-3.9836,90.91,14,1,10.65,clear sky
388,Vila,42.0304,-8.1588,47.28,53,0,3.09,clear sky
389,Manta,-0.95,-80.7333,73.18,83,75,8.05,broken clouds
390,Mehamn,71.0357,27.8492,42.75,87,75,9.22,broken clouds
391,Ucluelet,48.9329,-125.5528,59.09,87,99,6.82,overcast clouds
392,Ban Nahin,18.2418,104.2122,91.98,50,31,1.16,scattered clouds
393,Zhovtneve,50.6637,24.2492,43.02,94,74,7.2,broken clouds
394,Banamba,13.55,-7.45,77.97,70,23,7.47,few clouds
395,Saint-Augustin,51.226,-58.6502,51.44,80,100,8.28,overcast clouds
396,Broken Hill,-31.95,141.4333,80.51,29,4,20.38,clear sky
397,Ahipara,-35.1667,173.1667,57.56,82,100,15.52,overcast clouds
398,Misratah,32.3754,15.0925,74.53,61,9,12.75,clear sky
399,Goderich,43.7501,-81.7165,50.92,93,8,2.3,clear sky
400,Nantucket,41.2835,-70.0995,62.71,98,100,17.27,mist
401,Machiques,10.0644,-72.545,76.06,88,99,5.48,overcast clouds
402,Weatherford,32.7593,-97.7972,73.76,49,2,8.14,clear sky
403,Puerto Del Rosario,28.5004,-13.8627,73.15,68,47,14.97,scattered clouds
404,Grand Gaube,-20.0064,57.6608,74.37,67,90,8.01,overcast clouds
405,Road Town,18.4167,-64.6167,82.49,77,22,20.07,few clouds
406,Jala,21.0833,-104.4333,69.39,90,32,1.88,scattered clouds
407,Amahai,-3.3333,128.9167,84.63,70,95,5.32,overcast clouds
408,Ignalina,55.35,26.1667,42.58,98,100,6.87,overcast clouds
409,Tirat Karmel,32.7617,34.9719,74.68,78,0,1.83,clear sky
410,Lorengau,-2.0226,147.2712,85.44,71,100,12.37,overcast clouds
411,Quelimane,-17.8786,36.8883,71.55,94,0,0.0,mist
412,Chicama,-7.8447,-79.1469,57.74,83,38,5.79,scattered clouds
413,Zhezkazgan,47.8043,67.7144,40.98,30,0,13.42,clear sky
414,Ekhabi,53.5102,142.9671,37.44,59,95,23.17,light rain
415,Napier,-39.4833,176.9167,50.22,74,100,20.98,overcast clouds
416,Bereda,43.2686,-7.5406,51.42,70,0,2.06,clear sky
417,Charters Towers,-20.1,146.2667,85.71,37,63,9.17,broken clouds
418,Badou,7.5833,0.6,71.04,94,83,1.34,broken clouds
419,Varhaug,58.6147,5.6457,53.85,89,100,9.84,light rain
420,Boyolangu,-8.1181,111.8935,81.79,73,89,10.65,overcast clouds
421,Makat,47.6469,53.3463,53.24,32,86,17.11,overcast clouds
422,Ceyhan,37.0247,35.8175,71.44,84,100,1.7,overcast clouds
423,Grindavik,63.8424,-22.4338,43.27,81,75,31.07,broken clouds
424,Noumea,-22.2763,166.4572,76.98,60,0,13.8,clear sky
425,Acajutla,13.5928,-89.8275,78.22,81,57,3.83,broken clouds
426,Slave Lake,55.2834,-114.769,48.18,87,75,0.0,broken clouds
427,Radlje Ob Dravi,46.6142,15.2264,47.25,91,16,3.49,few clouds
428,Wewak,-3.5534,143.6268,85.28,68,100,7.63,overcast clouds
429,Taywarah,33.35,64.4167,53.89,11,0,5.37,clear sky
430,Humboldt,40.6665,-123.9178,50.13,93,49,2.21,scattered clouds
431,Flin Flon,54.7682,-101.865,50.65,57,54,3.04,broken clouds
432,Sao Felix Do Xingu,-6.6447,-51.995,75.76,48,0,1.19,clear sky
433,Namioka,40.7072,140.5894,57.74,66,75,12.66,broken clouds
434,Kahului,20.8947,-156.47,80.62,84,40,12.66,moderate rain
435,Churapcha,62.0025,132.4325,31.08,48,16,13.04,few clouds
436,Bukachacha,52.9833,116.9167,35.92,31,5,7.29,clear sky
437,Codajas,-3.8367,-62.0569,77.23,63,100,2.98,overcast clouds
438,Saldanha,-33.0117,17.9442,42.85,72,63,7.67,broken clouds
439,Vodnyy,63.5046,53.4095,45.7,95,100,5.35,overcast clouds
440,Pelym,61.0108,61.9978,46.9,77,93,1.9,overcast clouds
441,Ponta Do Sol,32.6667,-17.1,71.71,68,76,4.25,broken clouds
442,Aquiraz,-3.9014,-38.3911,79.18,81,25,13.09,scattered clouds
443,Sept-Iles,50.2001,-66.3821,51.8,93,100,3.44,overcast clouds
444,Nong Han,17.3608,103.1053,86.04,68,29,6.51,scattered clouds
445,Caravelas,-17.7125,-39.2481,74.46,80,59,10.98,broken clouds
446,Bakchar,57.0186,82.0711,38.84,95,100,6.6,overcast clouds
447,Uni,57.7535,51.4923,43.14,88,100,15.48,overcast clouds
448,Barcelos,41.5388,-8.6151,64.92,68,0,2.15,clear sky
449,Tura,25.5198,90.2201,78.31,82,98,2.39,overcast clouds
450,Farafangana,-22.8167,47.8333,69.87,83,33,8.86,scattered clouds
451,Westport,41.1415,-73.3579,57.88,88,100,19.57,overcast clouds
452,Martil,35.6166,-5.2752,66.16,82,0,3.44,clear sky
453,Dawlatabad,36.4141,64.9053,67.8,20,0,2.71,clear sky
454,Maceio,-9.6658,-35.7353,71.04,94,20,3.44,few clouds
455,Jibuti,11.5,42.5,80.2,64,88,7.07,overcast clouds
456,San Cristobal,7.7669,-72.225,73.58,98,99,1.99,overcast clouds
457,Muroto,33.2833,134.15,74.61,74,94,14.25,overcast clouds
458,Potiskum,11.7091,11.0694,74.64,82,97,6.17,overcast clouds
459,Utraula,27.3167,82.4167,73.69,97,100,10.94,overcast clouds
460,Abu Dhabi,24.4667,54.3667,86.02,55,0,6.91,clear sky
461,Borovskoy,53.8,64.15,46.11,32,51,9.6,broken clouds
462,Cochrane,51.1834,-114.4687,60.62,55,0,8.05,clear sky
463,Tunapuna,10.6333,-61.3833,79.11,92,20,0.0,few clouds
464,Laguna,38.421,-121.4238,78.31,59,0,3.44,clear sky
465,Saurimo,-9.6608,20.3916,66.22,69,51,3.89,broken clouds
466,Krasnoselkup,65.7,82.4667,34.47,97,100,12.03,overcast clouds
467,Margate,51.3813,1.3862,62.91,78,100,8.01,overcast clouds
468,Esfarayen,37.0765,57.5101,47.86,23,0,1.68,clear sky
469,Tianpeng,30.9866,103.9393,66.67,82,100,3.33,overcast clouds
470,Fairlie,55.756,-4.8556,57.02,90,100,5.99,light rain
471,Bambamarca,-6.6833,-78.5333,54.37,92,100,1.25,light rain
472,Rockhampton,-23.3833,150.5,76.89,44,0,10.36,clear sky
473,Puerto Madero,14.7208,-92.4215,79.52,81,100,3.89,overcast clouds
474,Albert,50.0009,2.651,57.72,88,100,9.22,overcast clouds
475,Penzance,50.1186,-5.5371,61.48,92,100,31.05,overcast clouds
476,Agadez,19.75,10.25,80.11,23,0,13.29,clear sky
477,Turayf,31.6725,38.6637,68.25,45,0,11.5,clear sky
478,Portland,45.5234,-122.6762,62.94,84,0,0.0,clear sky
479,Minab,27.1467,57.0801,86.97,53,0,1.01,clear sky
480,Xicotencatl,23.0167,-98.8833,77.47,66,82,3.2,broken clouds
481,Mariental,-24.6333,17.9667,65.12,18,0,6.29,clear sky
482,Camacha,33.0833,-16.3333,67.42,78,20,9.22,few clouds
483,College,64.8569,-147.8028,49.98,53,40,4.61,scattered clouds
484,Nanortalik,60.1432,-45.2371,38.01,95,100,24.61,light rain
485,Mahibadhoo,3.7833,72.9667,81.72,77,100,16.31,overcast clouds
486,Waingapu,-9.6567,120.2641,86.41,66,54,11.77,broken clouds
487,Umm Lajj,25.0213,37.2685,82.9,60,2,9.08,clear sky
488,Saint-Georges,12.0564,-61.7485,82.08,83,20,4.61,few clouds
489,Namatanai,-3.6667,152.4333,85.93,61,69,12.82,broken clouds
490,Alappuzha,9.49,76.3264,82.99,81,97,10.18,moderate rain
491,Bail Hongal,15.8167,74.8667,78.04,61,95,10.78,overcast clouds
492,Jeremoabo,-10.075,-38.4808,63.54,96,5,4.9,clear sky
493,Polovinnoye,54.7914,65.9864,46.27,34,24,9.71,few clouds
494,Shentala,54.45,51.4833,42.51,74,100,10.8,light rain
495,Batagay-Alyta,67.8006,130.4114,21.04,72,96,1.83,overcast clouds
496,Ahuimanu,21.4447,-157.8378,81.75,83,100,1.99,moderate rain
497,Kontagora,10.3999,5.4695,72.21,90,96,3.67,overcast clouds
498,Leningradskiy,69.3833,178.4167,21.02,85,18,5.82,few clouds
499,Makakilo City,21.3469,-158.0858,80.56,72,100,5.75,overcast clouds
500,Arlit,18.7369,7.3853,87.75,17,0,8.75,clear sky
501,Tarko-Sale,64.9225,77.785,37.38,86,100,17.98,overcast clouds
502,Bilma,18.6853,12.9164,84.16,20,9,6.62,clear sky
503,Nioro,13.35,-15.75,76.41,95,49,5.44,scattered clouds
504,Kinsale,51.7075,-8.5306,56.23,100,75,6.91,broken clouds
505,Chapais,49.7834,-74.8492,49.78,99,100,2.48,overcast clouds
506,Petropavlovsk-Kamchatskiy,53.0452,158.6483,54.19,82,40,4.47,scattered clouds
507,Rodrigues Alves,-7.738,-72.6509,75.9,70,4,2.08,clear sky
508,Srednekolymsk,67.45,153.6833,26.87,55,41,18.79,scattered clouds
509,Tigzirt,36.8886,4.1198,70.11,71,60,7.14,broken clouds
510,Roma,43.2128,-75.4557,51.96,93,100,1.01,overcast clouds
511,Chunoyar,57.4467,97.3217,36.99,65,94,7.27,overcast clouds
512,Disna,55.568,28.1971,39.22,96,87,9.08,overcast clouds
513,Kapenguria,1.2511,35.0895,55.94,82,9,2.55,clear sky
514,Bambanglipuro,-7.95,110.2833,83.1,67,100,10.89,overcast clouds
515,Sa Kaeo,13.75,102.3333,84.85,74,100,9.91,overcast clouds
516,Tahta,26.7693,31.5021,73.26,44,0,6.38,clear sky
517,Santa Barbara,34.7333,-120.0343,72.34,94,0,5.75,clear sky
518,Bluefield,37.2698,-81.2223,49.66,60,48,4.61,scattered clouds
519,Sorab,14.3833,75.1,78.24,71,78,4.97,broken clouds
520,Hasaki,35.7333,140.8333,70.2,86,100,24.92,overcast clouds
521,Sarangani,5.4033,125.4636,83.66,75,100,19.01,overcast clouds
522,Dukat,62.55,155.55,21.47,95,100,9.57,snow
523,Nauta,-4.5061,-73.5757,78.55,63,47,3.18,scattered clouds
524,Yulara,-25.2406,130.9889,81.79,24,0,8.93,clear sky
525,Verkhoyansk,67.5447,133.385,22.05,84,92,2.33,overcast clouds
526,Ilhabela,-23.7781,-45.3581,66.78,94,94,4.65,overcast clouds
527,Aguimes,27.9054,-15.4461,72.66,53,100,13.8,overcast clouds
528,Yeppoon,-23.1333,150.7333,76.78,63,98,13.35,overcast clouds
529,Moskovskiy,55.5991,37.355,45.01,92,100,6.71,light rain
530,Cayenne,4.9333,-52.3333,75.24,94,0,2.3,clear sky
531,Mossendjo,-2.9506,12.7261,67.28,99,100,1.28,overcast clouds
532,Santa Vitoria Do Palmar,-33.5189,-53.3681,53.47,92,0,4.85,clear sky
533,Cranbourne,-38.1,145.2833,57.67,81,100,15.01,moderate rain
534,Seoul,37.5683,126.9778,67.57,55,40,6.91,scattered clouds
535,Anadyr,64.75,177.4833,34.3,93,75,20.13,broken clouds
536,Fuerte,17.5381,120.3644,86.11,60,56,4.97,broken clouds
537,Itaituba,-4.2761,-55.9836,75.63,74,23,1.81,few clouds
538,Morristown,36.214,-83.2949,51.85,70,0,0.0,clear sky
539,Kungurtug,50.5994,97.5228,37.27,30,15,2.57,few clouds
540,Lata,40.1629,-8.3327,54.91,60,0,2.64,clear sky
541,Pidhorodna,48.107,30.8895,45.32,93,54,8.1,broken clouds
542,Xai-Xai,-25.0519,33.6442,71.89,83,92,6.13,overcast clouds
543,Lenine,45.2986,35.7771,55.9,58,2,5.57,clear sky
544,Xining,36.6167,101.7667,48.4,82,100,3.96,overcast clouds
545,Bitung,1.4451,125.1824,86.85,71,63,6.22,broken clouds
546,Coihaique,-45.5752,-72.0662,46.35,66,0,2.3,clear sky
547,Goure,13.9835,10.2704,83.57,48,70,6.8,broken clouds
548,Takhli,15.2634,100.3438,82.45,83,99,8.68,overcast clouds
549,Gidam,18.9833,81.4,81.16,80,100,2.48,moderate rain
550,Puntarenas,9.9763,-84.8384,77.85,87,100,3.89,overcast clouds
551,Atasu,48.6814,71.6433,43.79,29,10,10.56,clear sky
552,Fairbanks,64.8378,-147.7164,50.0,60,40,4.61,scattered clouds
553,Pran Buri,12.3847,99.9098,82.42,85,100,6.13,light rain
554,Roald,62.5833,6.1333,51.94,71,48,10.36,scattered clouds
555,Oktyabrskoye,43.0645,44.7417,55.54,88,9,2.24,clear sky
556,Pinos,22.3,-101.5667,53.44,80,68,7.7,broken clouds
557,Mayor Pablo Lagerenza,-19.9309,-60.7718,81.5,51,37,6.82,scattered clouds
558,Rio Cuarto,-33.1307,-64.3499,64.47,42,77,20.71,broken clouds
559,Zyryanka,65.75,150.85,26.53,60,100,25.21,overcast clouds
560,Talnakh,69.4865,88.3972,33.21,97,99,2.3,overcast clouds
561,Mobile,30.7835,-88.2,67.32,83,75,0.0,broken clouds
562,Estepona,36.4276,-5.1459,65.59,76,0,5.73,clear sky
563,Madison,34.7334,-86.5667,58.68,76,0,1.01,clear sky
564,Yamada,39.4667,141.95,61.03,56,99,5.88,light rain
565,Ust-Nera,64.5667,143.2,19.45,81,80,6.98,broken clouds
566,Andra,62.5147,65.8878,41.14,96,100,8.19,overcast clouds
567,Aldan,58.6031,125.3894,24.71,88,100,15.28,light snow
568,Lindi,-10.0,39.7167,73.54,82,94,3.85,overcast clouds
569,Dhidhdhoo,6.8833,73.1,81.36,78,100,16.49,overcast clouds
570,Adet,11.2644,37.4888,55.76,87,85,3.0,overcast clouds
571,Alta Floresta,-9.8756,-56.0861,71.78,88,58,1.03,broken clouds
572,Mount Isa,-20.7333,139.5,83.97,54,99,11.5,overcast clouds
573,Qasigiannguit,68.8193,-51.1922,15.51,79,11,4.52,few clouds
574,Sojat,25.9167,73.6667,85.91,38,2,6.49,clear sky
575,Chinna Salem,11.65,78.9,87.6,53,100,3.91,moderate rain
576,Divnogorsk,55.9594,92.3619,41.74,50,100,8.34,overcast clouds
577,Dong Hoi,17.4833,106.6,82.89,78,95,7.34,overcast clouds
578,Pout,14.7739,-17.0603,82.38,100,20,6.91,few clouds
579,Mocuba,-16.8392,36.9856,72.23,48,0,3.18,clear sky
580,Markova,48.6758,24.4138,41.29,85,70,5.37,broken clouds
581,Henties Bay,-22.116,14.2845,53.49,94,20,9.55,few clouds
582,Colesville,39.0757,-77.0019,50.9,95,100,10.36,light intensity drizzle
583,Itacoatiara,-3.1431,-58.4442,76.91,75,79,1.92,broken clouds
584,Nawabshah,26.2483,68.4096,89.98,41,44,5.93,scattered clouds
585,Honiara,-9.4333,159.95,87.13,51,51,8.84,broken clouds
586,Tulsipur,28.131,82.2973,71.28,95,100,1.72,moderate rain
587,Obidos,-1.9175,-55.5181,76.91,74,15,3.83,few clouds
588,Orlik,52.5178,99.825,33.57,32,2,2.15,clear sky
589,Hundested,55.9667,11.8667,57.22,88,100,4.0,overcast clouds
590,Bend,44.0582,-121.3153,69.66,44,0,4.61,clear sky
591,Waddan,29.1614,16.139,66.02,76,0,3.94,clear sky
592,Opotiki,-38.0833,177.2833,62.38,75,87,13.24,overcast clouds
593,Chute-Aux-Outardes,49.1168,-68.399,49.98,81,100,2.3,overcast clouds
594,Victor Harbor,-35.5667,138.6167,64.69,93,97,3.09,overcast clouds
595,Sitio Novo Do Tocantins,-5.5183,-47.4611,77.25,53,0,1.41,clear sky
596,Brookings,44.3114,-96.7984,58.17,95,100,5.01,overcast clouds
597,Kulhudhuffushi,6.6221,73.07,80.96,78,100,16.55,overcast clouds
598,Narasannapeta,18.4167,84.05,83.66,80,100,8.21,overcast clouds
599,Omsukchan,62.5333,155.8,24.67,95,100,7.49,snow
600,Saint Anthony,45.0205,-93.218,66.92,60,75,5.75,broken clouds
601,Invermere,50.5167,-116.0354,60.78,57,81,2.17,broken clouds
602,Rozvadiv,49.5,23.6167,40.35,83,82,6.8,broken clouds
603,Banda Aceh,5.5577,95.3222,79.7,82,100,7.83,overcast clouds
604,Faya,18.3851,42.4509,60.91,26,12,7.23,few clouds
605,Opelousas,30.5335,-92.0815,70.88,100,0,0.0,clear sky
606,Hanzhong,33.0728,107.0303,51.42,95,100,2.15,overcast clouds
607,Kiruna,67.8557,20.2251,40.12,93,100,12.66,moderate rain
608,Jalu,29.0331,21.5482,70.05,58,0,5.06,clear sky
609,Tabou,4.423,-7.3528,76.15,91,100,5.06,light rain
610,Pandan Niog,6.2282,120.5631,83.05,76,80,7.81,broken clouds
611,Monrovia,6.3005,-10.7969,76.77,90,100,2.42,moderate rain
612,Kallithea,37.95,23.7,65.46,59,9,3.0,clear sky
613,Valverde Del Camino,37.5751,-6.7543,62.02,33,0,3.69,clear sky
614,Santo Tomas,14.1079,121.1414,90.55,57,100,6.76,overcast clouds
615,Denizli,37.8402,29.0698,52.99,84,1,3.42,clear sky
616,Alanya,36.5438,31.9998,74.34,48,21,5.86,few clouds
617,Aksarayskiy,46.7924,48.0119,58.95,62,43,9.33,scattered clouds
618,Smithers,54.7804,-127.1743,52.12,82,75,4.61,broken clouds
619,Xuddur,4.1213,43.8894,73.08,74,59,10.92,broken clouds
620,Antalaha,-14.9003,50.2788,70.57,72,100,5.06,overcast clouds
621,Ghanzi,-21.5667,21.7833,73.58,16,0,7.09,clear sky
622,Marneuli,41.4759,44.8089,61.54,65,7,2.86,clear sky
623,San Policarpo,12.1791,125.5072,84.54,74,100,6.78,overcast clouds
624,Teya,60.3778,92.6267,35.28,86,100,9.46,light snow
625,Havre-Saint-Pierre,50.2334,-63.5986,46.76,93,100,3.44,overcast clouds
626,Sortland,68.6949,15.4162,48.16,92,100,6.87,light rain
627,Ust-Kuyga,70.0167,135.6,24.73,78,98,3.96,overcast clouds
628,Toppenish,46.3774,-120.3087,66.02,37,100,0.85,overcast clouds
629,Pagudpud,18.5616,120.7868,89.38,64,2,13.51,clear sky
630,Kangaatsiaq,68.3065,-53.4641,32.56,65,16,12.71,few clouds
631,Bourbonnais,41.1417,-87.875,54.3,69,0,0.0,clear sky
632,Chanute,37.6792,-95.4572,66.42,38,86,9.28,overcast clouds
633,Viraganur,11.4833,78.7333,87.55,54,100,6.85,overcast clouds
634,Santa Ana,33.7456,-117.8678,76.26,84,4,1.99,clear sky
635,Buraydah,26.326,43.975,72.05,27,0,6.35,clear sky
636,Shubarkuduk,49.1447,56.4872,46.29,22,92,12.84,overcast clouds
637,Grants,35.1473,-107.8514,50.23,100,0,0.0,clear sky
638,Palu,-0.8917,119.8707,87.93,68,99,3.04,light rain
639,Karratha,-20.7377,116.8463,80.35,34,0,14.34,clear sky
640,Kosh-Agach,50.0,88.6667,35.64,26,2,1.7,clear sky
641,Itarema,-2.9248,-39.9167,77.25,79,48,16.62,scattered clouds
642,Meulaboh,4.1363,96.1285,74.86,94,100,4.74,overcast clouds
643,Gawler,-34.6,138.7333,69.15,78,67,9.44,broken clouds
644,Mandera,3.9366,41.867,76.3,70,13,11.25,few clouds
645,Tiznit,29.5833,-9.5,67.14,56,8,1.95,clear sky
646,Cuiluan,47.72,128.648,43.07,28,98,11.23,overcast clouds
647,Bowen,-20.0167,148.2333,77.31,62,97,17.63,overcast clouds
648,Zharkent,44.1628,80.0,62.67,42,45,2.8,scattered clouds
649,Puerto Narino,-3.7703,-70.3831,76.32,79,75,1.21,broken clouds
650,Kangasala,61.4638,24.076,40.32,100,92,7.96,light rain
651,Ewa Beach,21.3156,-158.0072,81.99,72,100,13.0,overcast clouds
652,Virtsu,58.5716,23.5115,50.99,96,100,10.8,light rain
653,Kuching,1.55,110.3333,80.82,89,20,1.14,light rain
654,Copiapo,-27.3667,-70.3333,51.49,86,1,2.17,clear sky
655,Asosa,10.0667,34.5333,59.65,93,77,5.01,light rain
656,Port Said,31.2565,32.2841,76.98,69,0,4.61,clear sky
657,Nampula,-15.1165,39.2666,66.15,88,0,7.0,clear sky
658,Te Anau,-45.4167,167.7167,34.81,81,76,11.34,light snow
659,Pembroke,45.8168,-77.1162,43.18,91,19,0.89,few clouds
660,Myitkyina,25.3833,97.4,77.43,91,99,1.74,overcast clouds
661,Marquette,46.5333,-87.6335,58.77,82,100,6.17,overcast clouds
662,Antsohihy,-14.8796,47.9875,71.22,60,4,5.59,clear sky
663,Sorochinsk,52.4338,53.1583,48.61,28,100,14.14,overcast clouds
664,Iringa,-7.7667,35.7,53.8,80,94,4.99,overcast clouds
665,Folkestone,51.0833,1.1833,62.92,83,100,15.99,overcast clouds
666,Cockburn Town,21.4612,-71.1419,82.09,78,99,6.13,overcast clouds
667,Russell,32.3502,-85.1999,59.0,68,62,2.77,broken clouds
668,Biloela,-24.4167,150.5,78.58,39,100,14.54,overcast clouds
669,Jieznas,54.6,24.1667,47.79,89,100,8.28,overcast clouds
670,Casa Grande,32.8795,-111.7573,80.51,45,9,1.99,clear sky
671,Ruiru,-1.1606,36.9567,61.68,88,75,8.05,broken clouds
672,Port-Cartier,50.0334,-66.8654,51.48,94,100,3.65,overcast clouds
673,Krasnyy Chikoy,50.3643,108.7512,39.29,40,46,5.35,scattered clouds
674,Tsagan Aman,47.5639,46.7218,60.17,72,100,4.09,overcast clouds
675,Praia Da Vitoria,38.7333,-27.0667,68.76,94,75,16.8,light rain
676,Denia,38.8408,0.1057,70.75,89,89,1.99,overcast clouds
677,Konza,-1.7426,37.1294,57.18,86,56,2.8,broken clouds
678,Longyearbyen,78.2186,15.6401,37.24,75,40,18.41,scattered clouds
679,Numan,9.4667,12.0333,71.92,94,99,3.09,overcast clouds
680,Gat,31.61,34.7642,75.4,100,0,2.01,clear sky
681,Port Saint Lucie,27.2939,-80.3503,76.01,78,31,5.01,scattered clouds
682,Hervey Bay,-25.2986,152.8535,74.01,51,99,8.99,overcast clouds
683,Bundaberg,-24.85,152.35,73.22,58,100,7.0,overcast clouds
684,Agarak,39.2068,46.5446,64.99,32,0,1.28,clear sky
685,Oktyabrskiy,54.4815,53.471,48.06,32,100,12.17,overcast clouds
686,Tamsweg,47.1281,13.811,45.68,55,15,2.33,few clouds
687,Korla,41.7597,86.1469,61.18,19,6,14.88,clear sky
688,Jaumave,23.4167,-99.3833,67.46,85,95,0.36,overcast clouds
689,Sao Joao Da Barra,-21.6403,-41.0511,68.63,95,100,5.77,light rain
690,Pleasanton,37.6624,-121.8747,68.13,79,3,3.58,clear sky
691,Lashio,22.9333,97.75,83.08,57,24,1.5,few clouds
692,Sao Filipe,14.8961,-24.4956,78.06,78,82,0.29,broken clouds
693,Namibe,-15.1961,12.1522,64.62,89,76,4.92,broken clouds
694,Labuhan,-6.8844,112.2051,87.6,59,100,5.26,light rain
695,Biak,-0.9131,122.8766,83.82,67,58,3.49,broken clouds
696,Komsomolskiy,40.4272,71.7189,65.12,34,2,2.3,clear sky
697,Coronel Fabriciano,-19.5186,-42.6289,68.04,100,0,4.61,light rain
698,Casper,42.8666,-106.3131,53.85,53,19,4.47,few clouds
699,Pierre,44.3683,-100.351,63.05,69,89,5.01,overcast clouds
700,Kenora,49.8167,-94.4337,63.57,77,100,6.91,overcast clouds
701,Khani,41.9563,42.9566,53.17,80,100,2.06,overcast clouds
702,Penarroya-Pueblonuevo,38.3,-5.2667,66.22,34,0,2.39,clear sky
